{"cameraMode":{"drawMode":0,"name":"Shaded","section":"Shading Mode"},"sceneLighting":true,"audioPlay":false,"sceneViewState":{"showFog":true,"showMaterialUpdate":false,"showSkybox":true,"showFlares":true,"showImageEffects":true,"showParticleSystems":true,"showVisualEffectGraphs":true,"m_FxEnabled":true},"in2DMode":false,"pivot":{"x":465.7947082519531,"y":193.51988220214845,"z":-24.9792423248291},"rotation":{"x":-0.18991400301456452,"y":-0.016198650002479554,"z":-0.0031349642667919399,"w":0.9816532731056213},"size":271.1705017089844,"orthographic":false}